Part Num,Gender,Age,SES,Reside,Student,UCLATOT,SRP-IIITOT,SRPIII-IPM,SRPIII-CA,SRPIII-ELS,SANUTOT,N4UTOT,N4U-1,N4U-2,N4U-3,DBTOT,ABSTAIN,Property,Vandalism,Violent,Serious Delinquency
1,2,18,4,2,1,41,2,1.5625,1.5,2.9375,5,76,36,29,11,2,1,0,0,0,0
2,1,23,1,1,2,45,3.1875,3.25,3.0625,3.25,13,108,46,42,20,5,1,3,0,0,0
3,2,19,2,2,1,47,2.041666667,2.4375,1.8125,1.875,7,66,34,18,14,1,1,0,0,0,0
4,2,24,1,1,2,62,2.083333333,2.5,1.5625,2.1875,10,85,42,26,17,0,1,0,0,0,0
5,1,30,5,1,1,74,3.729166667,4.3125,3.6875,3.1875,16,149,69,54,26,6,0,1,2,2,1
6,2,27,4,1,2,74,2.104166667,1.75,2.3125,2.25,11,100,45,37,18,6,0,3,0,3,2
7,1,27,2,1,1,50,2.479166667,2.4375,2.375,2.625,10,86,39,33,14,0,1,0,0,0,0
8,2,19,3,2,1,53,1.791666667,1.75,1.75,1.875,10,92,46,32,14,1,1,0,0,0,0
9,1,20,4,1,1,61,1.541666667,1.3125,1.9375,1.375,8,74,35,30,9,0,1,0,0,0,0
10,2,18,2,2,1,50,2.333333333,1.6875,2.625,2.6875,7,113,57,32,24,0,1,0,0,0,0
11,2,18,3,1,1,59,2.854166667,3,2.3125,3.25,11,109,47,37,25,1,0,0,0,0,0
12,1,32,3,2,1,57,2.0625,1.625,1.875,2.6875,5,92,40,35,17,10,0,5,2,0,0
13,1,25,3,1,2,52,2.75,2.5625,2.5625,3.125,7,81,34,37,10,12,0,4,2,1,1
14,2,27,5,1,2,50,2.020833333,2.3125,1.8125,1.9375,8,91,48,27,16,0,1,0,0,0,0
15,2,28,2,1,2,37,1.791666667,2.0625,2,1.3125,11,86,41,30,15,2,0,0,0,0,0
16,1,26,1,2,1,50,2.5625,2.5625,2.4375,2.6875,12,90,40,33,17,0,1,0,0,0,0
17,1,38,5,1,2,62,2.25,1.75,2.5625,2.4375,8,97,46,35,16,1,1,0,0,0,0
18,2,23,5,2,2,68,2,2.75,1.5625,1.6875,13,88,43,32,13,3,0,1,1,1,0
19,1,25,3,1,2,60,2.354166667,2.1875,2.875,2,9,82,43,28,11,1,1,0,0,0,0
20,2,20,6,1,1,36,1.854166667,1.75,1.6875,2.125,9,55,28,17,10,2,0,0,0,0,0
21,1,26,1,1,1,61,3.1875,2.75,2.6875,4.125,7,101,50,33,18,14,0,5,2,2,0
22,2,40,7,2,1,54,2.1875,2.4375,2.5625,1.5625,8,101,49,33,19,1,1,0,0,0,0
23,2,32,2,1,2,48,2.041666667,2.1875,2.0625,1.875,8,83,39,30,14,8,0,4,0,0,1
24,1,21,1,1,1,49,1.791666667,1.6875,1.3125,2.375,8,76,34,26,16,0,1,0,0,0,0
25,1,24,1,1,2,43,2.520833333,2.1875,2.8125,2.5625,7,102,47,36,19,1,1,1,0,0,0
26,2,22,2,1,1,60,1.5625,1.5625,1.375,1.75,10,84,41,28,15,3,0,0,0,0,0
27,1,18,4,2,1,50,2.666666667,2.6875,2.125,3.1875,16,90,35,33,22,4,1,3,1,0,0
28,1,23,2,1,2,59,3,2.5625,3.25,3.1875,13,117,53,40,24,3,1,0,0,0,0
29,2,33,3,1,2,47,2.208333333,2.375,1.4375,2.8125,16,96,46,33,17,3,0,1,0,0,0
30,1,35,1,2,2,28,3.125,3.5625,2.375,3.4375,16,117,49,45,23,4,0,1,2,0,0
31,1,50,2,2,2,51,3.020833333,2.5625,3,3.5,8,112,54,39,19,7,0,2,1,0,0
32,3,26,3,1,2,72,2.666666667,2.5,3.4375,2.0625,10,106,40,48,18,3,1,2,0,0,0
33,2,52,4,2,2,55,1.958333333,1.875,1.6875,2.3125,6,100,53,31,16,3,0,1,0,0,0
34,2,23,2,2,2,62,2.229166667,2.625,2.3125,1.75,4,89,43,31,15,1,1,1,0,0,0
35,1,23,5,2,2,47,1.958333333,1.6875,1.875,2.3125,9,106,48,39,19,1,1,0,0,0,0
36,2,21,2,1,1,65,2.354166667,2.1875,2.25,2.625,8,115,64,30,21,3,0,1,0,0,0
37,2,32,2,1,2,54,2.645833333,2.875,2.4375,2.625,12,100,52,33,15,4,1,2,0,0,0
38,2,43,2,2,2,46,2.104166667,1.9375,2.125,2.25,8,103,52,34,17,1,0,0,0,0,0
39,2,27,2,2,2,48,2.666666667,3,2.5,2.5,8,89,46,33,10,2,1,0,1,0,0
40,1,40,3,2,2,55,2.854166667,2.5625,2.5,3.5,17,107,48,44,15,6,0,2,1,1,1
41,1,31,1,1,2,33,2.270833333,2.125,2.125,2.5625,12,89,42,29,18,0,1,0,0,0,0
42,1,18,4,1,1,73,2.3125,2.1875,2.4375,2.3125,6,84,37,34,13,1,0,1,0,0,0
43,2,22,1,1,1,57,3.166666667,4,2.6875,2.8125,12,77,40,23,14,1,1,0,1,0,0
44,1,18,1,2,1,47,2.291666667,1.6875,2.125,3.0625,14,83,39,29,15,1,0,0,0,0,0
45,2,23,1,1,1,59,3.208333333,3.75,2.6875,3.1875,11,116,52,41,23,7,0,4,0,0,0
46,1,27,3,2,2,56,2.416666667,2.5,2.1875,2.5625,11,91,45,31,15,0,1,0,0,0,0
47,1,21,4,1,1,54,2.625,2.5,2.5,2.875,12,115,53,42,20,4,0,2,0,0,1
48,1,18,1,1,2,68,2.729166667,2.625,2.6875,2.875,9,76,33,27,16,1,1,0,0,1,0
49,1,22,3,2,1,61,2.479166667,2.5,2.4375,2.5,12,111,52,39,20,2,1,1,0,0,0
50,2,30,3,1,2,56,2.4375,2.1875,2.8125,2.3125,5,110,55,31,24,2,1,1,0,0,0
51,2,32,3,2,1,54,1.479166667,1.5625,1.5,1.375,5,86,39,29,18,0,1,0,0,0,0
52,1,19,4,1,1,61,2.1875,2.125,2.25,2.1875,7,115,58,42,15,4,1,1,0,0,0
53,2,65,4,2,2,58,1.5625,1.375,1.875,1.4375,5,83,41,30,12,1,0,1,0,0,0
54,2,22,3,1,1,46,2.729166667,2.75,2.4375,3,15,114,56,38,20,1,0,0,0,0,0
55,1,18,1,1,1,39,2.75,2.9375,2,3.3125,13,103,44,37,22,0,1,0,0,0,0
56,1,18,5,1,1,46,3,3.0625,3.1875,2.75,4,62,23,29,10,1,1,1,0,0,0
57,2,19,5,1,1,57,2.791666667,3.1875,3.125,2.0625,7,85,48,26,11,4,0,1,0,0,0
58,2,44,4,1,2,67,3.083333333,3.4375,2.9375,2.875,17,110,48,40,22,2,1,1,0,0,0
59,2,23,1,2,1,57,2.5,2.875,2.1875,2.4375,14,100,48,32,20,0,1,0,0,0,0
60,1,22,2,2,1,65,2.416666667,2.375,2.6875,2.1875,10,70,31,24,15,3,0,2,0,0,0
61,1,22,2,1,2,71,4.020833333,4.25,4.1875,3.625,10,123,66,33,24,4,0,0,1,2,0
62,2,27,3,1,2,70,2.958333333,3.375,2.4375,3.0625,12,112,53,37,22,4,0,2,0,0,0
63,2,25,1,1,1,38,1.916666667,2.4375,1.1875,2.125,9,92,52,18,22,3,0,2,0,0,0
64,2,18,2,1,1,48,2.645833333,2.3125,2.5625,3.0625,8,86,40,32,14,3,0,1,0,0,0
65,1,23,3,1,1,33,2.020833333,1.4375,2.4375,2.1875,8,109,60,31,18,1,1,0,0,0,0
66,1,35,2,1,2,57,2.229166667,2.3125,2.1875,2.1875,14,125,62,38,25,0,1,0,0,0,0
67,1,20,4,2,1,49,3.104166667,3.375,3,2.9375,10,106,51,38,17,2,0,1,0,0,0
68,2,56,1,1,2,78,2.125,1.8125,2.0625,2.5,10,84,30,33,21,0,1,0,0,0,0
69,1,42,1,1,2,61,2.9375,3.0625,2.375,3.375,14,116,57,39,20,1,0,1,0,0,0
70,2,35,7,1,1,54,1.770833333,1.5625,1.75,2,12,86,42,28,16,2,0,1,0,0,0
71,2,45,4,1,2,60,2.083333333,2.25,2.25,1.75,14,89,32,35,22,0,1,0,0,0,0
72,2,35,7,1,2,66,2.208333333,2.0625,1.9375,2.625,10,81,41,25,15,3,0,0,0,0,0
73,1,37,3,1,2,65,2.208333333,2.1875,2.5,1.9375,9,105,54,33,18,2,0,1,1,0,0
74,2,45,2,1,1,56,2.520833333,2.4375,2.3125,2.8125,5,105,52,35,18,11,0,5,1,1,0
75,2,40,4,1,2,74,2.4375,2.375,2.375,2.5625,9,88,48,27,13,1,1,0,0,0,0
76,1,45,1,1,1,54,2.541666667,3,2.1875,2.4375,12,109,65,25,19,5,0,3,0,0,0
77,2,36,2,1,1,55,2.916666667,3.3125,2.9375,2.5,13,98,47,29,22,2,1,0,1,1,1
78,2,25,4,1,2,69,1.875,1.5,1.5625,2.5625,4,75,34,35,6,5,0,2,0,0,0
79,2,61,2,1,2,54,1.75,1.25,1.5,2.5,12,85,41,26,18,0,1,0,0,0,0
80,2,45,3,1,2,34,2.020833333,1,1.8125,3.25,13,122,68,35,19,3,1,1,0,0,0
81,2,26,5,1,1,74,2.958333333,2.75,2.625,3.5,7,73,33,32,8,7,0,3,2,1,0
82,2,59,4,1,2,48,2.3125,2.1875,2.625,2.125,9,94,47,28,19,2,1,2,0,0,0
83,1,66,3,1,2,37,2.166666667,2.375,2.0625,2.0625,12,122,55,45,22,4,0,2,1,0,0
84,2,27,2,2,2,58,2.479166667,2.625,2.875,1.9375,9,91,46,30,15,0,1,0,0,0,0
85,2,22,4,1,1,50,3.020833333,3.125,2.625,3.3125,16,112,53,43,16,7,0,3,1,0,0
86,1,41,5,1,2,64,2.125,2.0625,2.1875,2.125,8,95,44,31,20,0,1,0,0,0,0
87,2,50,1,1,2,60,1.791666667,2.125,1.6875,1.5625,8,101,47,31,23,0,1,0,0,0,0
88,2,45,2,1,2,47,1.875,2,1.6875,1.9375,7,82,41,24,17,1,1,0,0,0,0
89,1,55,4,1,2,48,2.333333333,2.25,2,2.75,16,93,43,37,13,1,0,0,0,0,0
90,2,27,6,1,1,43,2.375,2.0625,1.9375,3.125,8,112,60,33,19,4,0,2,0,0,0
91,2,21,5,1,1,37,1.8125,2,2,1.4375,13,83,42,29,12,0,1,0,0,0,0
92,2,21,2,1,2,67,2.25,2.375,2.125,2.25,12,68,25,32,11,6,0,3,0,1,0
93,2,18,2,2,1,46,2.645833333,2.9375,2.75,2.25,9,102,48,36,18,0,1,0,0,0,0
94,1,27,7,1,2,63,3.229166667,3.625,3.5625,2.5,10,126,56,45,25,7,0,3,1,2,0
95,1,18,2,2,1,62,2.083333333,1.8125,1.75,2.6875,9,103,45,39,19,1,0,1,0,0,0
96,1,26,1,2,2,53,2.354166667,2.8125,2.125,2.125,8,89,37,42,10,2,0,1,1,0,0
97,1,20,2,2,1,55,2.541666667,2.3125,1.9375,3.375,14,117,54,43,20,7,0,1,2,1,0
98,1,27,4,2,2,46,2.541666667,1.875,2.9375,2.8125,11,90,35,40,15,4,0,1,1,1,0
99,1,47,3,1,2,55,2.666666667,2.375,3,2.625,6,117,59,34,24,0,1,0,0,0,0
100,2,27,2,1,2,45,1.979166667,1.9375,1.3125,2.6875,10,97,51,25,21,4,1,0,1,0,0
101,2,44,5,1,1,76,1.375,1.875,1.0625,1.1875,6,84,55,22,7,0,1,0,0,0,0
102,2,32,6,1,1,77,2.1875,1.5,1.9375,3.125,16,90,44,40,6,5,1,2,1,0,0
103,2,23,2,1,1,56,2.270833333,2.3125,2.0625,2.4375,12,69,28,29,12,0,1,0,0,0,0
104,2,51,4,1,2,34,2.145833333,1.875,1.3125,3.25,9,103,51,37,15,5,0,2,0,0,0
105,1,19,4,1,1,42,1.958333333,1.8125,1.875,2.1875,6,82,44,22,16,1,1,0,0,0,0
106,2,36,7,1,2,55,2.854166667,2.8125,3.125,2.625,9,96,48,31,17,4,1,1,0,0,0
107,1,62,5,1,2,48,2.229166667,2.3125,2.125,2.25,10,92,52,22,18,1,0,0,1,0,0
108,2,41,3,1,1,63,2.4375,2.25,2.5625,2.5,9,88,47,20,21,3,0,3,0,0,0
109,2,68,4,1,2,42,1.5625,1.75,1.375,1.5625,9,90,39,33,18,1,0,1,0,0,0
110,2,37,6,1,2,39,2.3125,2.125,2.0625,2.75,9,97,51,26,20,4,0,2,0,0,0
111,2,52,4,1,2,77,1.708333333,1.375,1.375,2.375,7,107,53,33,21,1,0,0,0,0,0
112,2,49,5,1,2,39,2.041666667,1.8125,1.9375,2.375,7,105,55,34,16,5,0,1,1,0,0
113,2,63,3,1,2,33,3.041666667,2.875,2.8125,3.4375,17,136,61,47,28,6,0,1,1,0,0
114,2,54,3,1,1,49,2.479166667,2,2.1875,3.25,11,126,59,44,23,0,1,0,0,0,0
115,3,37,4,1,2,40,2.208333333,1.75,2.1875,2.6875,11,112,64,29,19,0,0,0,0,0,0
116,2,20,2,1,1,58,2.395833333,2.375,2.625,2.1875,14,111,53,37,21,0,1,0,0,0,0
117,2,69,2,1,2,59,1.5625,1.4375,1.625,1.625,6,103,55,26,22,0,1,0,0,0,0
118,2,48,6,1,2,24,2.020833333,1.875,1.5,2.6875,11,125,66,34,25,5,0,2,1,0,0
119,1,23,1,1,2,69,2.25,1.9375,2.5,2.3125,8,103,40,37,26,0,1,0,0,0,0
120,2,42,4,1,2,54,1.645833333,1.125,1.5625,2.25,9,103,59,25,19,3,0,0,2,0,0
121,2,19,4,2,1,67,2.75,3.0625,2.75,2.4375,6,99,41,35,23,2,0,0,0,1,0
122,2,18,4,1,1,57,2.541666667,2.1875,3.0625,2.375,13,90,37,36,17,0,1,0,0,0,0
123,2,25,2,2,2,36,2.104166667,2,1.875,2.4375,8,90,39,36,15,4,1,1,0,0,0
124,1,33,4,1,2,47,2.354166667,2.25,2.3125,2.5,10,92,45,30,17,2,1,0,1,0,0
125,2,33,3,2,2,57,2.229166667,2.5,2,2.1875,10,79,36,31,12,2,0,0,0,0,0
126,2,25,1,1,1,57,2.729166667,2.9375,2.6875,2.5625,18,115,57,34,24,3,0,1,0,0,0
127,2,38,5,1,2,38,1.916666667,1.8125,1.6875,2.25,10,82,41,26,15,0,1,0,0,0,0
128,1,25,3,2,2,65,2.229166667,2.25,2.625,1.8125,13,87,37,35,15,0,1,0,0,0,0
129,2,18,5,1,1,38,3.041666667,2.9375,3.125,3.0625,17,114,54,37,23,3,0,1,2,0,0
130,2,23,3,1,1,61,2.9375,2.875,3.0625,2.875,4,92,36,30,26,4,1,1,0,0,0
131,1,24,3,2,1,73,2.104166667,3,1.9375,1.375,11,105,45,38,22,1,1,1,0,0,0
132,2,55,4,2,2,80,2.583333333,2.4375,2.5625,2.75,11,123,59,47,17,6,0,1,0,1,1
133,1,40,1,2,2,41,3.416666667,3.5625,3.0625,3.625,17,146,66,51,29,8,0,4,2,1,0
134,2,18,2,1,1,43,1.770833333,2.1875,1.625,1.5,4,63,28,27,8,0,1,0,0,0,0
135,1,64,1,1,2,42,2.333333333,2.4375,2.125,2.4375,11,106,51,36,19,3,0,1,0,0,0
136,2,30,5,2,2,55,2.25,1.9375,2.5625,2.25,8,99,47,38,14,0,1,0,0,0,0
137,2,24,1,2,1,32,2.395833333,2.125,2.1875,2.875,16,115,55,41,19,0,1,0,0,0,0
138,1,24,4,1,2,65,2.270833333,2,2.3125,2.5,16,81,42,33,6,0,1,0,0,0,0
139,2,22,2,1,2,44,2.020833333,2.25,2.0625,1.75,10,77,31,33,13,0,1,0,0,0,0
140,1,27,3,2,2,54,2.604166667,2.75,2.5,2.5625,9,97,45,33,19,0,0,0,0,0,0
141,1,55,2,2,2,70,2.145833333,2.25,1.875,2.3125,14,117,53,39,25,4,0,2,0,0,0
142,2,33,2,2,2,64,2.6875,2.875,2.875,2.3125,7,81,38,36,7,6,0,4,2,0,0
143,2,29,3,1,1,62,2.416666667,1.8125,1.9375,3.5,13,112,57,33,22,3,0,1,0,0,0
144,1,34,2,2,2,46,1.791666667,2.25,1.5,1.625,12,99,45,38,16,3,0,2,0,0,0
145,1,18,2,1,1,42,2.395833333,2.3125,1.8125,3.0625,5,66,31,25,10,1,0,0,0,0,0
146,2,46,2,1,1,52,1.854166667,1.375,2,2.1875,8,87,44,25,18,1,1,0,0,0,0
147,2,33,7,1,1,49,2.145833333,1.5625,2.0625,2.8125,5,80,32,28,20,1,0,0,0,0,0
148,2,24,2,1,2,27,3.291666667,3.625,2.375,3.875,14,108,51,33,24,18,0,6,3,3,3
149,2,46,2,1,1,29,2.9375,3.3125,2.75,2.75,11,107,55,31,21,5,1,0,1,1,0
150,1,52,2,1,2,57,2.354166667,2.1875,2,2.875,12,105,51,36,18,0,1,0,0,0,0
151,1,22,4,2,1,75,2.604166667,2.5625,2.75,2.5,4,86,38,29,19,3,0,3,0,0,0
152,1,57,4,1,2,55,3.020833333,2.9375,2.875,3.25,15,138,63,48,27,13,0,6,1,0,1
153,1,49,4,1,2,80,1.8125,1.75,1.5,2.1875,12,79,36,29,14,0,0,0,0,0,0
154,1,48,2,1,1,57,3.104166667,2.875,3,3.4375,16,116,52,42,22,0,0,0,0,0,0
155,2,19,2,1,1,64,2.0625,2.0625,1.3125,2.8125,9,85,41,28,16,4,0,1,0,0,1
156,2,25,1,1,1,59,2.916666667,2.8125,3,2.9375,13,99,44,32,23,11,0,5,1,1,2
157,2,21,1,1,1,48,2.958333333,3.125,2.8125,2.9375,11,104,41,38,25,1,0,0,0,0,0
158,1,20,2,1,1,38,2.666666667,2.9375,2.375,2.6875,14,97,50,28,19,3,0,0,0,0,0
159,2,21,5,1,1,48,2.416666667,2.3125,2.0625,2.875,17,103,46,33,24,6,0,2,0,2,0
160,2,31,5,1,1,52,3.020833333,2.75,2.8125,3.5,16,130,68,40,22,7,0,2,0,4,2
161,1,20,2,1,1,39,2.708333333,2.6875,2.625,2.8125,14,97,46,34,17,3,0,0,0,0,0
162,1,27,2,1,1,44,2.6875,2.625,2.4375,3,7,98,43,33,22,8,0,3,2,0,0
163,2,19,1,1,1,58,2.125,2.0625,2,2.3125,8,96,49,30,17,1,0,1,0,0,0
164,2,19,2,1,1,32,1.520833333,1.3125,1.6875,1.5625,13,87,49,23,15,0,1,0,0,0,0
165,2,19,2,1,1,48,1.875,2.375,1.75,1.5,8,82,41,26,15,0,1,0,0,0,0
166,2,19,5,1,1,30,2.208333333,2.5,1.8125,2.3125,10,91,48,26,17,0,1,0,0,0,0
167,2,40,2,1,1,60,2.104166667,1.9375,2.0625,2.3125,12,94,46,35,13,6,0,3,1,0,0
168,2,18,1,1,1,65,1.75,1.5,1.625,2.125,14,101,49,31,21,0,1,0,0,0,0
169,2,20,1,1,1,52,1.791666667,1.6875,1.125,2.5625,12,94,47,33,14,0,1,0,0,0,0
170,2,41,5,1,1,57,2.5625,2.3125,2.125,3.25,12,85,42,28,15,3,1,1,0,0,0
171,1,19,5,1,1,41,2.416666667,2.5,2.3125,2.4375,16,85,43,28,14,3,1,2,0,0,0
172,1,19,2,1,1,50,3.166666667,3.1875,2.9375,3.375,13,106,45,38,23,10,0,6,0,2,1
173,2,20,1,1,1,31,2.25,1.6875,2.4375,2.625,14,100,65,23,12,2,0,0,0,1,0
174,2,19,1,1,1,31,2.145833333,1.5625,2.1875,2.6875,10,91,45,29,17,0,1,0,0,0,0
175,2,21,3,1,1,49,2.458333333,2.4375,2.4375,2.5,12,96,71,19,6,0,0,0,0,0,0
176,2,20,5,1,1,54,2.8125,1.9375,2.875,3.625,8,100,45,36,19,4,0,1,1,0,0
177,2,19,5,1,1,50,2.729166667,2.9375,2.625,2.625,7,86,45,22,19,2,0,0,0,0,0
178,2,20,1,1,1,30,1.729166667,1.8125,1.5625,1.8125,13,75,36,24,15,0,1,0,0,0,0
179,2,20,2,1,1,36,2.5625,2.75,2.0625,2.875,8,72,34,27,11,0,1,0,0,0,0
180,2,20,4,1,1,34,2.291666667,2.0625,2.1875,2.625,6,99,52,32,15,0,1,0,0,0,0
181,2,19,2,1,1,38,2.0625,1.9375,2.1875,2.0625,5,84,42,24,18,1,0,0,0,0,0
182,2,21,5,1,1,46,2.25,1.875,2.625,2.25,8,68,30,20,18,0,1,0,0,0,0
183,2,19,2,1,1,48,1.916666667,2.0625,1.6875,2,13,57,30,18,9,4,0,4,0,0,0
184,2,20,4,1,1,49,3.083333333,3.0625,2.875,3.3125,10,94,47,29,18,5,0,1,1,0,0
185,2,18,3,1,1,41,2.25,2.0625,2.1875,2.5,10,85,39,33,13,1,0,0,0,0,0
186,2,21,1,1,1,29,1.854166667,1.9375,1.5,2.125,7,84,41,25,18,0,1,0,0,0,0
187,2,19,1,1,1,38,2.4375,2.0625,2.4375,2.8125,11,101,51,32,18,2,0,0,0,0,0
188,2,20,2,1,1,47,2.875,3.25,2.5,2.875,8,98,46,36,16,1,1,0,0,0,0
189,2,18,4,1,1,47,2.6875,2.5,2.8125,2.75,6,101,59,24,18,4,0,0,0,0,0
190,2,22,3,1,1,44,1.5625,1.25,1.5,1.9375,10,105,66,19,20,1,0,1,0,0,0
191,2,19,2,1,1,53,3.270833333,3.8125,3.5,2.5,5,108,52,34,22,1,1,0,0,0,0
192,3,21,3,1,1,31,2.520833333,2.5,2.125,2.9375,11,88,42,27,19,4,0,1,1,0,0
193,1,19,1,1,1,50,3.25,3.3125,2.25,4.1875,14,95,42,36,17,13,0,6,2,2,1
194,2,20,3,1,1,42,2.583333333,2.5625,2.5625,2.625,7,90,45,29,16,1,0,1,0,0,0
195,2,21,3,1,1,31,2.166666667,2.25,2.1875,2.0625,12,99,52,28,19,1,0,0,0,0,0
196,2,20,2,1,1,49,2.0625,2.0625,2.125,2,8,73,34,24,15,1,1,0,0,0,0
197,2,19,1,1,1,27,3.166666667,3.375,2.6875,3.4375,11,114,50,38,26,0,1,0,0,0,0
198,2,21,5,1,1,39,2.270833333,2.0625,1.8125,2.9375,6,82,41,27,14,1,0,0,0,0,0
199,2,19,2,1,1,50,2.4375,2.0625,2.3125,2.9375,14,97,46,33,18,5,0,3,0,0,0
200,2,21,4,1,1,63,2.6875,2.25,2.25,3.5625,13,120,57,44,19,2,0,0,0,0,0
201,2,34,4,1,1,53,3,2.1875,3.0625,3.75,8,123,59,43,21,4,0,1,1,0,0
202,2,21,1,1,1,77,3.458333333,3.375,2.5,4.5,18,119,56,42,21,4,0,1,0,0,0
203,2,19,2,1,1,21,1.708333333,1.25,1.875,2,9,99,53,31,15,0,1,0,0,0,0
204,2,20,1,1,1,57,2.479166667,2.625,2,2.8125,10,81,37,32,12,7,0,3,1,0,0
205,2,19,2,1,1,30,1.958333333,1.5,1.875,2.5,12,93,46,32,15,1,0,1,0,0,0
206,1,21,4,1,1,55,2.6875,2.3125,2.8125,2.9375,7,99,60,26,13,3,0,0,0,0,0
207,1,39,5,1,1,55,2.625,2.6875,2,3.1875,9,99,45,35,19,5,1,0,2,0,1
208,2,19,6,1,1,61,3.5625,3.625,4.125,2.9375,13,114,53,38,23,0,1,0,0,0,0
209,2,20,3,1,1,46,2.1875,1.75,2.1875,2.625,15,88,46,31,11,3,0,1,0,0,0
210,2,20,2,1,1,38,2.3125,2.0625,2.125,2.75,5,84,36,32,16,0,1,0,0,0,0
211,2,20,2,1,1,55,2.729166667,2.75,2.625,2.8125,13,90,38,36,16,0,1,0,0,0,0
212,2,18,3,1,1,40,2.166666667,2.3125,1.5625,2.625,8,80,36,25,19,2,0,0,0,0,0
213,2,19,3,1,1,51,2.75,2.625,2.9375,2.6875,9,90,45,31,14,2,0,1,0,0,0
214,2,20,4,1,1,35,2.291666667,2.25,1.9375,2.6875,7,79,35,28,16,5,0,1,0,0,0
215,2,25,4,1,1,49,3.604166667,3.625,3.5625,3.625,11,115,54,39,22,11,0,3,2,2,2
216,1,21,2,1,1,32,2.916666667,3.25,2.9375,2.5625,8,102,53,26,23,0,1,0,0,0,0
217,2,20,1,1,1,56,2.375,2.375,1.875,2.875,8,84,45,24,15,1,0,0,0,0,0
218,2,20,5,1,1,37,2.458333333,2.625,2.875,1.875,10,98,53,29,16,0,1,0,0,0,0
219,2,19,4,1,1,56,3.395833333,3.5625,3,3.625,17,129,59,46,24,0,1,0,0,0,0
220,1,20,3,1,1,64,3.166666667,3.5,2.8125,3.1875,16,113,48,43,22,0,1,0,0,0,0
221,2,20,3,1,1,42,1.875,1.9375,1.5625,2.125,15,83,44,22,17,0,1,0,0,0,0
222,2,22,5,1,1,72,2.520833333,2.125,2.125,3.3125,12,105,45,39,21,4,0,1,0,0,0
223,1,18,2,1,1,41,2.354166667,2.25,2.0625,2.75,13,98,48,30,20,0,1,0,0,0,0
224,1,20,7,1,1,49,2.395833333,2.8125,2.4375,1.9375,7,112,55,32,25,0,1,0,0,0,0
225,2,18,2,1,1,51,3.083333333,3.0625,3.25,2.9375,9,95,44,30,21,5,0,2,1,0,0
226,2,19,2,1,1,27,2.770833333,3.125,2,3.1875,8,85,43,26,16,5,0,2,0,0,0
227,2,21,1,1,1,43,2.416666667,2.8125,2,2.4375,7,80,37,28,15,0,1,0,0,0,0
228,2,26,3,1,1,36,2.104166667,1.8125,1.9375,2.5625,13,94,48,27,19,3,0,1,0,0,0
229,2,19,1,1,1,38,2.208333333,2.6875,1.625,2.3125,10,95,42,30,23,3,0,1,0,0,0
230,2,20,7,1,1,64,2.354166667,2,2.25,2.8125,9,86,39,33,14,2,0,0,0,0,0
231,2,21,3,1,1,67,2.25,2.4375,1.5,2.8125,8,69,37,24,8,4,0,1,0,0,0
232,2,20,1,1,1,43,2.708333333,2.6875,2.375,3.0625,10,108,49,40,19,4,0,1,0,0,0
233,2,18,7,1,1,61,1.541666667,1.6875,1.3125,1.625,6,56,24,23,9,2,1,0,0,0,0
234,2,19,4,1,1,48,2.270833333,2.25,2.25,2.3125,4,96,71,19,6,30,1,13,3,6,10
235,2,20,5,1,1,33,2.604166667,2.375,2.25,3.1875,12,115,59,34,22,3,0,0,0,0,0
236,2,19,1,1,1,34,1.9375,2.0625,1.75,2,9,95,48,26,21,0,1,0,0,0,0
237,2,20,3,1,1,72,1.541666667,1.75,1.625,1.25,7,64,32,20,12,0,1,0,0,0,0
238,2,20,4,1,1,34,2.416666667,3.1875,2.25,1.8125,16,111,59,30,22,0,1,0,0,0,0
239,2,21,4,1,1,50,2.666666667,2.25,2.625,3.125,15,112,61,31,20,0,1,0,0,0,0
240,2,19,3,1,1,44,2.979166667,2.6875,2.9375,3.3125,8,91,41,34,16,2,0,0,0,0,0
241,2,19,7,1,1,40,2.041666667,2.125,1.5,2.5,9,86,44,26,16,1,1,0,0,0,0
242,2,20,2,1,1,44,2.541666667,2.625,2.125,2.875,8,85,36,32,17,0,1,0,0,0,0
243,2,19,4,1,1,50,2.041666667,1.9375,2.0625,2.125,8,104,55,26,23,0,1,0,0,0,0
244,2,20,2,1,1,29,2.541666667,2.125,2,3.5,7,111,52,37,22,3,0,0,0,0,0
245,2,22,4,1,1,54,1.958333333,1.6875,1.75,2.4375,10,83,45,29,9,0,1,0,0,0,0
246,2,19,2,1,1,48,1.770833333,1.75,1.625,1.9375,10,70,36,26,8,0,1,0,0,0,0
247,2,19,1,1,1,37,2.645833333,2.375,2.625,2.9375,16,109,55,34,20,1,0,0,0,0,0
248,2,19,2,1,1,64,2.375,2.3125,2.0625,2.75,8,100,44,38,18,4,0,2,0,0,0
249,2,19,2,1,1,55,2.958333333,2.125,3.125,3.625,14,115,56,43,16,3,1,1,1,0,0
250,2,19,7,1,1,35,2.166666667,1.75,1.875,2.875,12,101,52,32,17,3,0,1,0,0,0
251,2,25,5,1,1,68,2.5625,2.375,2.625,2.6875,9,101,52,26,23,4,0,2,0,0,0
252,2,23,4,1,1,49,2.5625,2.5,2.0625,3.125,9,90,52,24,14,5,0,1,0,0,0
253,2,28,2,1,1,42,2.020833333,1.8125,1.875,2.375,8,92,44,30,18,3,0,1,0,0,0
254,2,19,5,1,1,33,1.520833333,1.3125,1.75,1.5,6,67,38,16,13,0,1,0,0,0,0
255,2,20,3,1,1,28,1.541666667,1.5,1.625,1.5,9,81,50,17,14,4,0,1,0,0,0
256,2,19,4,1,1,37,1.916666667,1.6875,1.875,2.1875,5,67,36,22,9,6,0,3,0,0,0
257,2,19,1,1,1,46,2.708333333,3.25,2.75,2.125,6,103,51,27,25,6,0,4,0,0,0
258,2,20,2,1,1,41,2.708333333,2.3125,2.1875,3.625,11,113,54,39,20,5,0,1,0,0,1
259,2,20,2,1,1,39,2.166666667,2.25,2.0625,2.1875,8,95,49,29,17,1,1,0,0,0,0
260,2,18,2,1,1,60,2.291666667,2.25,2.125,2.5,9,75,32,31,12,0,1,0,0,0,0
261,2,20,1,1,1,42,2.583333333,2.9375,1.9375,2.875,8,93,46,27,20,3,0,2,0,0,0
262,1,29,5,1,1,61,2.25,2.3125,2.25,2.1875,8,98,45,39,14,3,0,3,0,0,0
263,2,19,2,1,1,44,2.125,1.75,2.0625,2.5625,10,89,44,25,20,2,0,1,0,0,0
264,2,21,1,1,1,39,2.5625,2.875,2.0625,2.75,7,98,46,28,24,1,1,0,0,0,0
265,2,18,3,1,1,43,1.979166667,1.875,1.8125,2.25,6,82,46,17,19,1,1,0,0,0,0
266,2,41,2,1,1,30,2.916666667,2.6875,2.625,3.4375,11,121,57,38,26,1,1,0,0,0,0
267,2,20,2,1,1,45,2.416666667,2,2.125,3.125,15,105,47,37,21,1,0,0,0,0,0
268,2,18,1,1,1,43,2.708333333,2,2.125,4,17,122,63,41,18,4,0,0,0,0,1
269,2,20,2,1,1,39,1.729166667,1.5,1.5,2.1875,14,101,47,32,22,0,1,0,0,0,0
270,2,19,3,1,1,37,3.229166667,3.1875,3,3.5,12,115,55,37,23,3,0,1,0,0,0
271,2,19,7,1,1,24,3.1875,3.25,2.4375,3.875,16,122,57,43,22,7,0,4,2,0,0
272,2,19,3,1,1,32,2.208333333,1.8125,2.3125,2.5,10,89,40,27,22,0,1,0,0,0,0
273,2,19,1,1,1,49,3,3,3,3,11,96,45,33,18,0,1,0,0,0,0
274,2,47,2,1,1,44,2.104166667,2.375,1.6875,2.25,11,106,65,20,21,0,1,0,0,0,0
275,2,40,4,1,1,49,2.458333333,2.75,1.625,3,13,91,44,25,22,5,0,2,0,0,0
276,2,20,7,1,1,53,2.520833333,2.5,2.375,2.6875,10,91,42,29,20,2,0,0,0,0,0
277,2,18,3,1,1,39,2.0625,1.75,1.8125,2.625,7,78,38,25,15,1,0,0,0,0,0
278,2,19,7,1,1,69,2.458333333,2.4375,2.5625,2.375,11,121,49,45,27,1,0,1,0,0,0
279,2,19,2,1,1,44,2.958333333,3,2.8125,3.0625,9,90,46,29,15,3,0,1,0,0,0
280,1,20,1,1,1,50,2.416666667,2.25,2.25,2.75,13,110,46,43,21,1,1,0,0,0,0
281,1,22,1,1,1,28,3.333333333,3.6875,2.5,3.8125,13,131,63,41,27,7,0,2,1,1,0
282,1,20,4,1,1,23,2.9375,2.6875,2.375,3.75,12,105,57,29,19,1,0,0,0,0,0
283,2,21,2,1,1,67,2.666666667,2.6875,1.75,3.5625,5,105,41,44,20,3,1,0,0,0,0
284,2,20,1,1,1,36,2.854166667,2.6875,2.25,3.625,11,105,51,36,18,6,0,3,0,0,0
285,2,20,4,1,1,57,2.416666667,2.375,2.375,2.5,8,85,37,31,17,2,0,0,0,0,0
286,2,20,1,1,1,56,2.354166667,2.625,2.5,1.9375,9,83,40,25,18,0,1,0,0,0,0
287,2,20,3,1,1,62,2.208333333,2.3125,2.25,2.0625,9,88,39,32,17,5,0,3,0,0,0
288,2,40,7,1,1,58,2.208333333,1.875,2.1875,2.5625,10,115,55,38,22,3,0,0,0,1,0
289,2,25,5,1,1,56,2.229166667,2.625,1.5,2.5625,10,99,53,30,16,5,0,4,0,0,0
290,2,25,5,1,1,59,2.25,2.0625,2.1875,2.5,9,89,44,26,19,4,0,2,0,0,0
291,2,21,4,1,1,48,2.583333333,2.625,2.3125,2.8125,8,73,34,26,13,3,1,1,0,0,0
292,2,20,4,1,1,51,2.604166667,2.75,2.125,2.9375,8,90,42,31,17,3,0,0,0,0,0
293,2,19,2,1,1,58,1.9375,1.5625,1.875,2.375,10,100,49,29,22,2,0,1,0,0,0
294,2,20,2,1,1,37,2.0625,2,1.9375,2.25,12,101,49,32,20,1,1,0,0,0,0
295,1,40,1,1,1,41,2.583333333,2.625,2.5,2.625,7,76,38,22,16,9,0,3,2,0,0
296,2,20,2,1,1,26,2.25,2.1875,1.9375,2.625,10,98,51,31,16,1,0,0,0,0,0
297,2,20,2,1,1,47,2.604166667,2.9375,2.1875,2.6875,9,83,33,35,15,1,1,0,0,0,0
298,2,21,1,1,1,25,1.854166667,1.875,1.75,1.9375,13,98,48,31,19,0,1,0,0,0,0
299,2,21,7,1,1,26,1.833333333,1.25,2.1875,2.0625,10,87,46,24,17,0,1,0,0,0,0
300,2,19,4,1,1,47,1.979166667,1.8125,2,2.125,10,92,49,26,17,1,0,0,0,0,0
301,2,53,2,1,1,48,2.666666667,2.3125,2.5,3.1875,14,115,51,41,23,5,0,2,1,0,0
302,1,18,1,1,1,65,4.479166667,4.5,4.375,4.5625,17,134,60,47,27,9,0,4,1,1,2
303,1,21,2,1,1,47,2.854166667,2.5625,1.9375,4.0625,10,110,53,37,20,5,0,2,1,0,0
304,1,19,1,1,1,26,2.583333333,2.5,2.3125,2.9375,16,96,46,37,13,3,0,0,0,0,0
305,1,18,2,1,1,47,1.541666667,1.3125,1.5625,1.75,7,69,33,25,11,1,0,1,0,0,0
306,1,19,1,1,1,31,2.895833333,3.3125,2.375,3,6,95,49,28,18,0,1,0,0,0,0
307,1,21,2,1,1,43,2.708333333,3.25,2.4375,2.4375,14,94,44,30,20,3,0,1,0,0,0
308,1,20,4,1,1,30,2.541666667,2.5,2.5625,2.5625,10,114,61,32,21,1,0,0,0,0,0
309,1,18,1,1,1,45,2.583333333,2.625,2.1875,2.9375,12,95,48,30,17,10,0,5,1,0,1
310,3,19,1,1,1,56,3.25,3.625,2.75,3.375,10,113,54,39,20,6,0,1,1,0,1
311,1,26,4,1,1,40,2.229166667,1.875,2.1875,2.625,10,98,46,35,17,12,0,5,3,1,0
312,1,21,4,1,1,41,2.5625,2.4375,2.5625,2.6875,13,98,46,37,15,3,0,0,0,0,0
313,2,20,4,1,1,27,1.645833333,1.5,1.625,1.8125,10,85,41,30,14,2,0,0,0,0,0
314,1,20,2,1,1,34,1.666666667,1.8125,1.6875,1.5,8,97,51,24,22,0,1,0,0,0,0
315,1,19,4,1,1,38,2.625,2.375,2.5,3,9,95,49,32,14,5,0,3,0,0,0
316,1,21,2,1,1,53,3.1875,3.1875,3.0625,3.3125,7,92,43,29,20,5,0,2,0,0,0
317,1,18,1,1,1,27,2.8125,2.4375,2.5,3.5,9,101,51,33,17,5,0,0,0,2,0
318,1,19,2,1,1,48,3.104166667,3.0625,2.4375,3.8125,10,102,52,29,21,4,0,1,1,0,0
319,1,20,4,1,1,39,2.854166667,2.8125,2.6875,3.0625,16,91,43,31,17,9,0,3,1,1,2
320,1,22,3,1,1,53,3.625,4,2.8125,4.0625,15,125,57,43,25,19,0,9,2,2,4
321,1,19,1,1,1,58,3.4375,3,3.375,3.9375,16,108,48,38,22,3,0,1,0,0,0
322,1,19,6,1,1,55,2.895833333,3.0625,2.9375,2.6875,11,125,67,39,19,1,0,0,0,0,0
323,1,19,7,1,1,53,2.4375,2.1875,2.125,3,9,82,34,33,15,0,1,0,0,0,0
324,1,32,5,1,1,66,1.75,1.5,2.125,1.625,11,87,35,33,19,0,1,0,0,0,0
325,1,19,1,1,1,57,2.416666667,2.5625,2.3125,2.375,10,85,39,27,19,1,0,0,0,0,0
326,1,19,5,1,1,45,2.5625,2.6875,2.6875,2.3125,13,82,40,32,10,2,0,0,0,0,0
327,2,20,2,1,1,43,2.145833333,2.375,1.9375,2.125,8,102,49,35,18,1,0,1,0,0,0
328,1,21,1,1,1,62,2.583333333,2.1875,2.1875,3.375,10,103,50,35,18,0,1,0,0,0,0
329,1,27,5,1,1,47,3.020833333,3.0625,3.3125,2.6875,12,102,49,34,19,2,0,1,0,0,0
330,2,45,7,1,1,52,2.4375,2.5,2.6875,2.125,13,105,56,31,18,6,0,2,0,0,1
331,1,20,1,1,1,37,3.145833333,3.9375,3.125,2.375,7,77,41,22,14,2,0,0,0,0,0
332,1,19,6,1,1,41,2.25,1.8125,2.375,2.5625,14,105,52,32,21,0,1,0,0,0,0
333,1,19,3,1,1,58,2.4375,2.4375,2.75,2.125,8,79,40,27,12,0,1,0,0,0,0
334,1,20,6,1,1,47,2.645833333,2.8125,2.75,2.375,9,91,39,36,16,3,0,1,0,0,0
335,1,19,2,1,1,29,2.5,2.125,2.4375,2.9375,13,113,56,36,21,2,1,0,0,0,0
336,1,19,4,1,1,69,2.791666667,2.9375,2.9375,2.5,11,80,39,19,22,3,0,2,0,0,0
337,1,18,1,1,1,45,2.75,2.5,3.0625,2.6875,16,108,53,32,23,4,0,0,1,0,1
338,2,20,3,1,1,35,2.3125,2.0625,2.1875,2.6875,8,89,42,29,18,0,1,0,0,0,0
339,2,19,2,1,1,31,2.1875,2.3125,1.6875,2.5625,16,109,57,36,16,0,1,0,0,0,0
340,2,22,1,1,1,51,2.8125,2.9375,2.5,3,10,96,32,38,26,0,1,0,0,0,0
341,2,20,5,1,1,43,2.291666667,2.0625,2.125,2.6875,10,94,45,33,16,2,0,0,0,0,0
342,2,21,4,1,1,39,3.1875,3.6875,2.375,3.5,14,94,44,33,17,8,0,2,0,2,1
343,1,25,7,1,1,57,2.895833333,3.25,2.1875,3.25,13,111,50,37,24,6,0,4,0,0,0
344,2,18,6,1,1,48,1.5625,1.5625,1.375,1.75,10,87,46,25,16,0,1,0,0,0,0
345,2,18,1,1,1,47,1.395833333,1.625,1.1875,1.375,15,83,46,25,12,0,1,0,0,0,0
346,1,19,1,1,1,34,2.5625,3.0625,2.4375,2.1875,12,109,52,36,21,2,0,0,0,0,1
347,2,20,5,1,1,43,2.1875,2.375,1.8125,2.375,10,97,46,35,16,3,0,1,0,0,0
348,1,19,2,1,1,43,2.270833333,2.125,2.375,2.3125,8,91,45,29,17,1,0,0,0,0,0
349,2,19,2,1,1,51,2.3125,1.875,2.1875,2.875,11,75,43,19,13,2,0,0,1,0,0
350,1,20,5,1,1,43,2.541666667,2.875,1.5625,3.1875,17,110,47,42,21,2,0,0,0,0,0
351,1,42,2,1,1,34,2.125,1.5625,2,2.8125,11,95,49,30,16,4,0,2,0,1,0
352,2,20,4,1,1,30,1.645833333,1.625,1.625,1.6875,10,81,39,27,15,0,0,0,0,0,0
353,2,18,6,1,1,24,2.1875,2,1.9375,2.625,13,101,53,32,16,0,1,0,0,0,0
354,2,20,4,1,1,59,2,2.8125,1.3125,1.875,11,70,27,35,8,1,0,0,0,0,0
355,2,19,5,1,1,44,2.645833333,2.5625,2.5,2.875,12,103,47,38,18,4,0,3,0,0,0
356,2,19,2,1,1,32,1.708333333,2.125,1.5625,1.4375,6,73,40,18,15,0,1,0,0,0,0
357,2,18,1,1,1,61,1.854166667,2,2,1.5625,9,90,43,32,15,0,1,0,0,0,0
358,2,19,2,1,1,33,2.833333333,2.4375,2.625,3.4375,9,102,46,34,22,12,0,4,3,0,3
359,2,20,4,1,1,46,3,3,3,3,8,96,45,33,18,2,0,0,0,0,0
360,2,20,4,1,1,46,2.8125,3.0625,2.5,2.875,12,94,46,37,11,0,1,0,0,0,0
361,2,21,1,1,1,59,1.958333333,2,1.3125,2.5625,10,106,51,33,22,2,0,0,0,0,0
362,2,19,2,1,1,47,2.458333333,2.4375,2.6875,2.25,11,80,38,26,16,0,1,0,0,0,0
363,2,19,5,1,1,62,2.458333333,2.75,1.625,3,14,98,41,39,18,4,0,1,0,0,0
364,2,26,3,1,1,46,2.458333333,2.125,2.125,3.125,4,91,48,32,11,5,0,2,0,0,0
365,2,18,4,1,1,47,3,3.0625,2.5,3.4375,14,102,53,32,17,0,1,0,0,0,0
366,2,21,2,1,1,39,2.3125,2.25,1.9375,2.75,6,93,44,33,16,3,0,0,0,0,0
367,2,19,1,1,1,50,2.25,2.5,1.8125,2.4375,8,80,41,27,12,8,0,4,2,0,0
368,2,25,7,1,1,53,3.104166667,3.0625,3.375,2.875,10,95,40,33,22,9,0,6,2,1,2
369,2,19,1,1,1,49,2.270833333,1.875,1.6875,3.25,14,82,33,33,16,2,0,0,0,0,0
370,2,21,2,1,1,71,2.416666667,2.375,2.125,2.75,8,104,50,33,21,1,0,0,0,0,0
371,2,20,5,1,1,58,2.708333333,2.9375,2.375,2.8125,10,86,45,28,13,0,1,0,0,0,0
372,2,20,3,1,1,49,2.104166667,2,1.9375,2.375,10,74,33,27,14,3,0,2,0,0,0
373,2,20,2,1,1,53,2.020833333,1.4375,1.75,2.875,9,104,48,38,18,0,1,0,0,0,0
374,2,19,2,1,1,40,2.1875,2.5625,2.0625,1.9375,6,106,50,32,24,2,0,0,0,0,0
375,2,21,2,1,1,42,2.520833333,2.625,1.9375,3,9,96,48,30,18,0,1,0,0,0,0
376,2,20,2,1,1,42,2.041666667,1.375,2.1875,2.5625,10,85,50,24,11,2,0,0,0,0,0
377,2,19,2,1,1,50,2.8125,2.8125,2.4375,3.1875,9,107,48,39,20,0,1,0,0,0,0
378,2,20,6,1,1,37,2.25,2.25,2.125,2.375,14,103,56,26,21,0,1,0,0,0,0
379,2,19,1,1,1,33,1.958333333,1.9375,1.8125,2.125,11,75,37,28,10,0,1,0,0,0,0
380,2,19,2,1,1,61,2.041666667,2.25,1.6875,2.1875,16,95,44,40,11,0,1,0,0,0,0
381,2,21,5,1,1,55,1.875,2,1.875,1.75,12,101,50,32,19,0,1,0,0,0,0
382,2,39,4,1,1,50,2.354166667,2.5,2.0625,2.5,7,95,51,28,16,3,0,1,0,0,0
383,1,48,2,1,1,58,3.083333333,3,2.9375,3.3125,16,88,38,33,17,16,0,5,2,4,2
